Type,Name,Request Count,Failure Count,Median Response Time,Average Response Time,Min Response Time,Max Response Time,Average Content Size,Requests/s,Failures/s,50%,66%,75%,80%,90%,95%,98%,99%,99.9%,99.99%,100%
OPTIONS,/api/announcement/getCountOfNotification,444,0,290.0,350.7540484238521,233.3897000644356,2441.2966000381857,0.0,0.7428639186548563,0.0,290,340,370,390,470,600,1100,1100,2400,2400,2400
,Aggregated,444,0,290.0,350.7540484238521,233.3897000644356,2441.2966000381857,0.0,0.7428639186548563,0.0,290,340,370,390,470,600,1100,1100,2400,2400,2400
